<?xml version="1.0" encoding="UTF-8"?>
<project-private xmlns="http://www.netbeans.org/ns/project-private/1">
    <editor-bookmarks xmlns="http://www.netbeans.org/ns/editor-bookmarks/2" lastBookmarkId="0"/>
    <open-files xmlns="http://www.netbeans.org/ns/projectui-open-files/2">
        <group>
            <file>file:/E:/ali%20elsayed%20study/model_bank/src/model_bank/Account.java</file>
            <file>file:/E:/ali%20elsayed%20study/model_bank/src/model_bank/CheckingAccount.java</file>
            <file>file:/E:/ali%20elsayed%20study/model_bank/src/model_bank/SavingAccount.java</file>
            <file>file:/E:/ali%20elsayed%20study/model_bank/src/model_bank/model_bank.java</file>
        </group>
    </open-files>
</project-private>
